<customlist scriptid="customlist_rg_warehouse_type">
  <description></description>
  <isinactive>F</isinactive>
  <ismatrixoption>F</ismatrixoption>
  <isordered>T</isordered>
  <name>RG - Warehouse Types</name>
  <customvalues>
    <customvalue scriptid="val_3420444_6979138_680">
      <abbreviation>A</abbreviation>
      <isinactive>F</isinactive>
      <value>Amazon</value>
    </customvalue>
    <customvalue scriptid="val_3420445_6979138_744">
      <abbreviation>E</abbreviation>
      <isinactive>F</isinactive>
      <value>Everstox</value>
    </customvalue>
    <customvalue scriptid="val_3420446_6979138_364">
      <abbreviation>S</abbreviation>
      <isinactive>F</isinactive>
      <value>Stord</value>
    </customvalue>
    <customvalue scriptid="val_3420447_6979138_907">
      <abbreviation>E</abbreviation>
      <isinactive>F</isinactive>
      <value>External</value>
    </customvalue>
    <customvalue scriptid="val_3421992_6979138_568">
      <abbreviation>R</abbreviation>
      <isinactive>F</isinactive>
      <value>Razor</value>
    </customvalue>
    <customvalue scriptid="val_3422180_6979138_487">
      <abbreviation>S</abbreviation>
      <isinactive>F</isinactive>
      <value>Supplier</value>
    </customvalue>
    <customvalue scriptid="val_13183573_6979138_sb1_697">
      <abbreviation>U</abbreviation>
      <isinactive>F</isinactive>
      <value>Unis</value>
    </customvalue>
    <customvalue scriptid="val_13196530_6979138_sb1_794">
      <abbreviation>F</abbreviation>
      <isinactive>F</isinactive>
      <value>Fiege</value>
    </customvalue>
    <customvalue scriptid="val_13270783_6979138_sb1_106">
      <abbreviation>G</abbreviation>
      <isinactive>F</isinactive>
      <value>GNOC</value>
    </customvalue>
    <customvalue scriptid="val_13398629_6979138_sb1_142">
      <abbreviation>U</abbreviation>
      <isinactive>F</isinactive>
      <value>Unfulfillable</value>
    </customvalue>
  </customvalues>
</customlist>